res_id_1,res_name_1,atom_1,res_id_2,res_name_2,atom_2,bond_vector,rdc
28,G,C8,28,G,H8,C8H8,16.478
36,G,C8,36,G,H8,C8H8,9.5765
34,G,C8,34,G,H8,C8H8,7.51205
27,A,C8,27,A,H8,C8H8,14.9325
33,G,C8,33,G,H8,C8H8,4.366
32,G,C8,32,G,H8,C8H8,-1.1355
29,C,C6,29,C,H6,C6H6,10.816
35,A,C8,35,A,H8,C8H8,3.2235
38,U,C6,38,U,H6,C6H6,16.384
31,U,C6,31,U,H6,C6H6,-3.6995
32,G,C1',32,G,H1',C1'H1',-0.487
33,G,C1',33,G,H1',C1'H1',-1.192
34,G,C1',34,G,H1',C1'H1',8.803
35,A,C1',35,A,H1',C1'H1',-6.174
31,U,C1',31,U,H1',C1'H1',-6.102
30,C,C1',30,C,H1',C1'H1',10.449
28,G,C1',28,G,H1',C1'H1',-0.9725
36,G,C1',36,G,H1',C1'H1',-21.5695
29,C,C1',29,C,H1',C1'H1',12.1695
30,C,C5,30,C,H5,C5H5,13.8035
37,C,C5,37,C,H5,C5H5,5.811
29,C,C5,29,C,H5,C5H5,18.352
31,U,C5,31,U,H5,C5H5,1.825
38,U,C5,38,U,H5,C5H5,10.9525
