res_id_1,res_name_1,atom_1,res_id_2,res_name_2,atom_2,bond_vector,rdc,qc
20,A,C8,20,A,H8,C8H8,29.8,gold
21,G,C8,21,G,H8,C8H8,26.9,gold
22,A,C8,22,A,H8,C8H8,30.6,gold
22,A,C2,22,A,H2,C2H2,36.7,gold
23,U,C6,23,U,H6,C6H6,17,gold
23,U,C5,23,U,H5,C5H5,16.5,gold
23,U,C1',23,U,H1',C1'H1',1.5,gold
24,C,C6,24,C,H6,C6H6,-0.9,gold
24,C,C5,24,C,H5,C5H5,26.7,gold
25,U,C6,25,U,H6,C6H6,3.1,gold
25,U,C5,25,U,H5,C5H5,-12.5,gold
25,U,C1',25,U,H1',C1'H1',-26.9,gold
26,G,C8,26,G,H8,C8H8,16.4,gold
27,A,C8,27,A,H8,C8H8,31.5,gold
27,A,C2,27,A,H2,C2H2,15.9,gold
28,G,C8,28,G,H8,C8H8,23,gold
31,U,C6,31,U,H6,C6H6,5.7,gold
31,U,C5,31,U,H5,C5H5,-8.7,gold
32,G,C1',32,G,H1',C1'H1',4.6,gold
33,G,C8,33,G,H8,C8H8,13.4,gold
33,G,C1',33,G,H1',C1'H1',5.5,gold
35,A,C8,35,A,H8,C8H8,8.5,gold
36,G,C8,36,G,H8,C8H8,14,gold
40,U,C5,40,U,H5,C5H5,35,gold
43,G,C8,43,G,H8,C8H8,25.9,gold
